{"sdcrv.eth":27.58064061677252,"sdbal.eth":23.60110471448226,"sdfxs.eth":4.853067510542256}