{
    "sdcrv.eth": 26.81883358309788,
    "sdbal.eth": 29.212081279181177,
    "sdfxs.eth": 6.856901056658134
}