{
    "sdcrv.eth": 28.321689843918723,
    "sdbal.eth": 17.114567172143133,
    "sdfxs.eth": 8.174945908392527
}