{
    "sdcrv.eth": 23.749245577484412,
    "sdbal.eth": 28.80848748704826,
    "sdfxs.eth": 6.770611283334214
}