{"sdcrv.eth":28.25735823684171,"sdbal.eth":17.114567172143133,"sdfxs.eth":2.0437364770981317}