{"sdcrv.eth":23.749245577484412,"sdbal.eth":28.808487487048254,"sdfxs.eth":6.7706112833342145}