{"sdcrv.eth":28.321689843918726,"sdbal.eth":17.114567172143133,"sdfxs.eth":2.0437364770981317}